BBC+News++Berkman+Center+at+Harvard,Hasit+Shah,unknown,1,
Crowdcrafting,Daniel+Lombrana+Gonzalez,male,1,
Hire+Space,Dean+Hume,unknown,1,
Technology+Volunteers+University+of+Warwick,Matthew+Healey,male,1,
Technology+Volunteers+University+of+Warwick,Margaret+Low,female,1,
Technology+Volunteers+University+of+Warwick,Pradeep+Kumar,male,2,
Technology+Volunteers+University+of+Warwick,Marie+Low,female,1,
Technology+Volunteers+University+of+Warwick,Andrew+Sula,male,1,
Technology+Volunteers+University+of+Warwick,Stephen+Pithouse,male,1,
Technology+Volunteers+University+of+Warwick,Robert+Sandford,male,1,
Sourcefabric,Douglas+Arellanes,male,1,
UNIQUE+Learning+Badges,Laimonas+Ragauskas,unknown,1,
UNIQUE+Learning+Badges,Nerijus+Kriauciunas,unknown,1,
UNIQUE+Learning+Badges,Desigan+Chinniah,unknown,1,
UNIQUE+Learning+Badges,Agne+Rapalaite,unknown,1,
httpsdisconnectme,Casey+Oppenheim,unknown,1,
imkraghu,Raghu+Korukonda,unknown,1,
imkraghu,Raghuram+Korukonda,unknown,2,
The+rOpenSci+project+Berkeley+Institute+for+Data+Science,Robert+Davey++++The+Genome+Analysis+Centre,male,1,
The+rOpenSci+project+Berkeley+Institute+for+Data+Science,Milena+Marin+++School+of+Data,female,1,
The+rOpenSci+project+Berkeley+Institute+for+Data+Science,Karthik+Ram,male,3,
The+rOpenSci+project+Berkeley+Institute+for+Data+Science,Greg+Wilson+++Software+Carpentry,male,1,
The+rOpenSci+project+Berkeley+Institute+for+Data+Science,Billy+Meinke+++Creative+Commons,unknown,1,
CassieRobinson,Cassie+Robinson,female,1,
Mozilla+Reps+and+Technical+University+of+Munich,Ankit+Bahuguna,male,2,
OpenQRS,Jenny+Molloy,female,1,
OpenQRS,Kate+Ettinger,female,1,
Mozilla+Community+India,Ajay+Kumar+Jogawath,male,1,
Mozilla+Community+India,Komal+Gandhi,female,2,
belenpena,Belen+Barros+Pena,female,1,
Kids+Learning+Code,Amanda+McCusker,female,1,
Kids+Learning+Code,Kathryn+Barrett,female,1,
OpenNews++ProPublica,Brian+Jacobs,male,2,
lloydwatkin,Lloyd+Watkin,male,1,
Mozilla+Community+Uganda,Denish+Okidi,unknown,1,
Mozilla+Community+Uganda,Matovu+Moses,unknown,1,
EDemocracyorg,Steven+Clift,male,2,
Centre+for+Internet+and+Society,Subhashish+Panigrahi,unknown,1,
MozillaUganda+Community,codekat,unknown,1,
MozillaUganda+Community,smithisgeneric,unknown,1,
MozillaUganda+Community,John+Baptist+Ochieng,male,1,
Mozilla+Goa+community,Jonathan+Pereira,male,1,
harshanotharsh,Harsha+Vardhan,unknown,1,
Mozilla+Foundation,Ricardo+Vazquez,male,2,
Mozilla+Foundation,Adam+Lofting,male,1,
Mozilla+Foundation,Luke+Pacholski,male,1,
Mozilla+Foundation,Doug+Belshaw,male,4,
Mozilla+Foundation,Matthew+Willse,male,1,
Mozilla+Foundation,Mike+Larsson,male,1,
Mozilla+Foundation,Pomax,unknown,1,
Mozilla+Foundation,Ibrahima+Sarr,male,1,
Mozilla+Foundation,Simon+Knight,male,1,
UNITARUNOSAT,rufuspolluck,unknown,1,
UNITARUNOSAT,Cobi+Smith,unknown,2,
UNITARUNOSAT,jonathonmorgan,unknown,1,
saiganesh49,Ednah+Kiome,female,1,
saiganesh49,sai+ganesh,unknown,2,
saiganesh49,sai+ganesh+dhathrika,unknown,2,
Bocoup,Jan+Hein+Hoogstad,unknown,1,
Bocoup,Ashley+Williams,unknown,1,
venkanna,venkanna+gugulothu,unknown,1,
yashness,Yash+Shah,male,1,
NPR,Melody+Kramer,female,1,
saurabhshah,Saurabh+Shah,male,1,
alexmayorga,Alex+Mayorga,unknown,1,
Global+Brain+Institute,Olivier+Auber,male,1,
Hive+India,Vineel+Reddy+Pindi,male,1,
Hive+India,Vikas+reddy+Burri,male,1,
FishEye+London,Rajeev+Chakraborty,male,1,
orliesaurus,Orlando+Kalossakas,male,1,
ncasenmare,Nicky+Case,unknown,1,
DavidBruant,David+Bruant,male,1,
Bytemark+Hosting,Josh+R,male,1,
Bytemark+Hosting,Tim+Dobson,male,1,
Regent+Park+Focus+Youth+Media+Arts+Centre,Tresvonne+RoseWilson+skilled+older+youth+project+representative+same+email+as+above,unknown,1,
Regent+Park+Focus+Youth+Media+Arts+Centre,Tyrone+MacLeanWilson,male,1,
Webmaker+Mentor+Mozilla++India,Ajaykumarjogawath,unknown,1,
Webmaker+Mentor+Mozilla++India,Balasubramaniyan,unknown,2,
Webmaker+Mentor+Mozilla++India,stephencosten+,unknown,1,
Webmaker+Mentor+Mozilla++India,marthavijaykumar,unknown,1,
Webmaker+Mentor+Mozilla++India,ajaykumarjogawath,unknown,1,
Webmaker+Mentor+Mozilla++India,ishithamukheerji,unknown,1,
Webmaker+Mentor+Mozilla++India,balasubramaniyan+,unknown,1,
Webmaker+Mentor+Mozilla++India,balasubramaniyan,unknown,2,
Webmaker+Mentor+Mozilla++India,Vijay+Martha,male,1,
Webmaker+Mentor+Mozilla++India,Komal+gandhi,female,1,
Webmaker+Mentor+Mozilla++India,Stephen+costen,male,1,
Webmaker+Mentor+Mozilla++India,marthavijaykumar+,unknown,1,
Webmaker+Mentor+Mozilla++India,stephencosten,unknown,2,
Webmaker+Mentor+Mozilla++India,sandeep+sonu,unknown,5,
Mozilla+Jordan+community,Mohammed+Migdadi,male,2,
Mozilla+Jordan+community,Mahmood+Qudah,male,1,
Womoz+Wikimedia+India,Netha+Hussain,female,1,
Creative+Commons++reshare,Adit+Bharadwaj,male,1,
Creative+Commons++reshare,Kelsey+Wiens,unknown,2,
Creative+Commons++reshare,Jane+Park,female,3,
Creative+Commons++reshare,Simeon+Oriko,male,2,
ODI+OsakaMozilla+Factory,Iwao+Kobayashi,male,1,
ODI+OsakaMozilla+Factory,Harry+Vermeulen,male,2,
ODI+OsakaMozilla+Factory,Toru+Takahashi,male,2,
ODI+OsakaMozilla+Factory,Hideaki+Takeda,unknown,1,
ODI+OsakaMozilla+Factory,Machi+Takahashi,male,2,
Open+Labs,Redon+Skikuli,unknown,1,
Open+Labs,Elio+Qoshi,male,1,
Community+Engagement+at+Ushahidi,Linda+Kamau,female,1,
Community+Engagement+at+Ushahidi,Angela+Oduor,female,1,
Community+Engagement+at+Ushahidi,Henry+Addo,male,1,
Community+Engagement+at+Ushahidi,Woody+Gilk,male,1,
GitHub+Inc,Arfon+Smith,unknown,2,
GitHub+Inc,Andrew+Nesbitt,male,1,
GitHub+Inc,Jessica+Lord,female,2,
GitHub+Inc,Chrissie+Brodigan,female,2,
Public+Good+Software+Inc,Natalie+J+Stroud,female,1,
Public+Good+Software+Inc,Dan+Ratner,male,1,
Digital+Technology+Fellow+POVAmerican+Documentary,Gilles+Pradeau+awaiting+definite+confirmation,male,1,
Digital+Technology+Fellow+POVAmerican+Documentary,Brian+Chirls,male,1,
Tor,Amogh+Pradeep,male,1,
Tor,Dave+Huseby,male,1,
Knight+Mozilla+OpenNews,Ben+Chartoff,male,1,
SocialCoding4good,Emma+Irwin,female,3,
iRights,Baroness+Kidron+,unknown,2,
iRights,Glenn+Manoff,male,2,
iRights,Perhaps+one+or+two+others+such+as+Martha+Lane+Fox+tbc,unknown,2,
iRights,This+session+would+most+likely+be+facilitated+by,unknown,2,
iRights,Will+Hawkins,unknown,1,
iRights,Glenn+Manoff+per+above,male,2,
Web+Foundation++Web+We+Want+General+Coordinator,Alina+Hua,female,3,
Web+Foundation++Web+We+Want+General+Coordinator,Renata+Avila,female,3,
Web+Foundation++Web+We+Want+General+Coordinator,Dave+Steers,male,3,
Observadorpt,Milton+Cappelletti+Junior,male,1,
OpenNews,Ryan+Pitts,unknown,1,
OpenNews,Erika+Owens,female,1,
OpenNews,Erin+Kissane,unknown,2,
OpenNews,Tomas+Poska,male,1,
OpenNews,Dan+Sinker,male,2,
Internews,Eva+Constantaras,female,1,
indie,Aral+Balkan,unknown,1,
Privacy+InternationalOpen+Technology+Institute,Kevin+Bankston+,male,1,
Privacy+InternationalOpen+Technology+Institute,Mustafa+AlBassam+,male,1,
Privacy+InternationalOpen+Technology+Institute,Richard+Tynan+,male,1,
IPython++Jupyter+Projects,Matthias+Bussonnier,male,1,
IPython++Jupyter+Projects,Kyle+Kelley,unknown,1,
Tripad,Tripad+Mishra,unknown,2,
Mozilla+DevelopersMozilla+Reps+webmaker,Biraj+Karmakar,unknown,2,
Open+Knowledge+School+of+Data,Milena+Marin,female,2,
Open+Knowledge+School+of+Data,Yuandra+Ismiraldi,unknown,2,
Tow+Center+for+Digital+Journalism+Columbia+University,Michael+Keller,male,1,
Tow+Center+for+Digital+Journalism+Columbia+University,Brian+Abelson+,male,1,
University+of+Central+Lancashire,Mark+Porter,male,1,
University+of+Central+Lancashire,Megan+Knight,female,1,
Parsons+The+New+School+for+Design+Local+No+12,Nancy+Nowaceck,female,1,
Parsons+The+New+School+for+Design+Local+No+12,John+Sharp,male,1,
Smart+Chicago+Collaborative,Kyla+Williams,female,1,
Cybersalon,Phil+Campbell,male,1,
Cybersalon,simonsMine,unknown,1,
Cybersalon,evapascoe,unknown,1,
Cybersalon,cybrsalon,unknown,1,
Centre+for+Interdisciplinary+Research+CRI,Jesse+Himmelstein,unknown,1,
Happyworm+Ltd,Mark+Panaghiston,male,1,
Happyworm+Ltd,Ian+Forrester,male,1,
Happyworm+Ltd,Camille+Teicheira+ok+cool,unknown,1,
Jawaharlal+archietecture+and+fine+arts+university,UDeepak,unknown,1,
Jawaharlal+archietecture+and+fine+arts+university,deepthi+u,female,1,
Flow+Athens,Themis+Gkion,unknown,2,
SimpleTechLifein,Praveen+selvasekaran,male,1,
The+BradField+Company+Ltd,Laura+Fleming,female,1,
The+BradField+Company+Ltd,Bill+Boyd,male,1,
The+BradField+Company+Ltd,Ian+Harper,male,1,
The+BradField+Company+Ltd,Andy+Campbell,unknown,1,
The+BradField+Company+Ltd,Chris+Joseph,unknown,1,
Open+State+Foundation,Lex+Slaghuis,male,1,
ManiThripuradhi,Maniraj+Thripuradhi,unknown,1,
aktiwate,Gautam+Akiwate,male,2,
Rhizome,Scott+Meisburger,male,1,
The+Code+Liberation+Foundation,Phoenix+Perry,unknown,1,
Student+at+AGH+UST+Kraków+Poland,Greg+Wilson,male,1,
Student+at+AGH+UST+Kraków+Poland,Piotr+Banaszkiewicz,male,1,
Student+at+AGH+UST+Kraków+Poland,Mike+Hoye,male,1,
MakerKids,Jennifer+Turliuk,female,1,
Fight+For+the+Future,Tiffiniy+Cheng,unknown,1,
Manufactura+Independente,Ricardo+Lafuente,male,1,
Manufactura+Independente,Ana+Isabel+Carvalho,female,1,
santoshv225,Santosh+Viswanatham,male,3,
Mozilla+Corporation,Edwin+Wong,male,1,
Mozilla+Corporation,I+am+totally+open+to+having+people+join+on+as+facilitators,unknown,1,
Mozilla+Corporation,Jonathan+Lin,male,1,
Why+The+explorable+story,Martha+Sedgwick,female,1,
kaeti,Kaeti+Hinck,unknown,1,
nagasahas,Nagasahas+Dasa,unknown,1,
Mozilla+Foundation+Mozillan,Kumaresan+C+S,unknown,1,
Mozilla+Foundation+Mozillan,Abin+Abraham,male,2,
Mozilla+Foundation+Mozillan,Binoy+Balu,unknown,1,
Mozilla+Foundation+Mozillan,Athul+Suresh,unknown,1,
Mozilla+Foundation+Mozillan,Praveen+Sridhar,male,1,
Mozilla+Foundation+Mozillan,PR+Vysakh,unknown,1,
Mozilla+Foundation+Mozillan,Jordan+McCarthy,unknown,2,
Mozilla+Foundation+Mozillan,Rigin+Oommen,unknown,2,
NCS,Harry+Smith,male,1,
Every1Mobile,Algy+Williams,male,1,
Digital+Stewardship+Initiative+Citizen+Lab+University+of+Toronto,Reuben+Binns+r+at+reubenbinnsco,male,1,
Digital+Stewardship+Initiative+Citizen+Lab+University+of+Toronto,Bernard+Tyers+ei8fdb+at+ei8fdborg,unknown,1,
Digital+Stewardship+Initiative+Citizen+Lab+University+of+Toronto,Andrew+Hilts,male,1,
Jam3,Tomasz+Dysinski,male,1,
Goo+Technologies,Victor+Sand,male,1,
The+Center+for+Investigative+Reporting,Aaron+Williams,male,3,
ProPublica,Sisi+Wei,female,1,
ProPublica,Jeremy+B+Merrill,male,1,
ProPublica,Mike+Tigas,male,2,
ProPublica,Manuel+Aristaran,male,1,
ProPublica,Patrick+McGee,male,1,
ProPublica,Ryann+Grochowski+Jones,unknown,1,
ProPublica,TBD,unknown,2,
CommunityRED,Dietrich+Ayala,unknown,1,
CommunityRED,Bernard+Tyers+,male,1,
CommunityRED,Seamus+Tuohy+,male,1,
CommunityRED,Shauna+Dillavou,female,1,
Code+for+America,Jeremia+Kimelman,unknown,1,
Code+for+America,Brielle+Plump,female,1,
Code+for+America,Hannah+Young,female,1,
Code+for+America,Becca+Blazak,female,1,
Code+for+America,David+Leonard,male,1,
Code+for+America,Erik+Schwartz,male,1,
atjuliaking,Julia+King,female,1,
ishafiul,Shafiul+Azam+Chowdhury,unknown,1,
Drum+Roll+HQ,Joe+Dytrych,unknown,2,
Drum+Roll+HQ,Leonie+Van+Der+Linde,female,2,
Drum+Roll+HQ,Dee+Saigal,unknown,2,
Commons+Machinery,Peter+Liljenberg,male,1,
Commons+Machinery,Jonas+Oberg,male,2,
The+New+York+Times+RD+Labs,Jacqui+Maher,unknown,2,
The+New+York+Times+RD+Labs,Jane+Friedhoff,female,2,
Wiredsafety,Allan+McCullough+pres+of+Canadas+child+safety+research+and+innovation+center+students+a+teacher+one+industry+leader+and+a+parent,male,1,
Wiredsafety,Parry+Aftab,male,1,
Adagio++Chattanooga+Music+Resource+Center,Emily+Kate+Boyd+,female,1,
Adagio++Chattanooga+Music+Resource+Center,Dipesh+Monga,male,1,
Adagio++Chattanooga+Music+Resource+Center,Warren+McCrickard+,male,1,
Adagio++Chattanooga+Music+Resource+Center,Jonathan+Susman,male,1,
Mozilla+Uganda,Andrea+Wood,unknown,1,
Mozilla+Uganda,Ben+Moskowitz,male,1,
Mozilla+Uganda,Mark+Surman,male,1,
Mozilla+Uganda,Echodu+Moses,unknown,1,
Mozilla+Uganda,San+Emmanuel+James,unknown,3,
Mozilla+Uganda,Alisa+Cordesius,female,1,
Mozilla+Uganda,Lawrence+Kisuuki,male,2,
Mozilla+Uganda,Louisa+Nagujja,female,1,
Mozilla+Uganda,Azlen+Elza,unknown,1,
Mozilla+Uganda,Asa+Lugada,unknown,1,
The+LAMP,Alan+Berry++tentative,male,1,
The+LAMP,DC+Vito,unknown,1,
Ushahidi,Jonathon+Morgan,male,1,
rishavraj,Kumar+Rishav,male,2,
University+of+Florida+Mobiquity,Matt+Waite,male,1,
University+of+Florida+Mobiquity,Dave+Stanton,male,1,
codebender,Vasilis+Georgitzikis,male,1,
akshaytwr,Akshay+Tiwari,male,1,
Peggy+Notebaert+Nature+Museum++Hive+Chicago,Emmanuel+Pratt+Sweet+Water+Foundation++Hive+Chicago+,male,1,
Peggy+Notebaert+Nature+Museum++Hive+Chicago,David+Bild,male,1,
fabiomagnoni,Fabio+Magnoni,male,2,
O2+Think+Big++National+Youth+Agency,Katy+Neilson,female,1,
kashboss,Joseph+Bosire,male,1,
Connected+Learning+Alliance,Sima+Patel,female,1,
Connected+Learning+Alliance,Tara+Tiger+Brown,female,1,
Connected+Learning+Alliance,Tim+Young,male,1,
starkness,Elizabeth+Stark,female,1,
AyzAnitah+MozRwanda,Ezres+Az+Anitah,unknown,1,
Engine,Julie+Samuels,female,1,
O2+Think+Big,Ben+Plain,male,2,
Zooniverse,Laura+Whyte,female,1,
Zooniverse,Robert+Simpson,male,1,
Zooniverse,Brooke+Simmons,unknown,1,
Zooniverse,Grant+Miller,male,1,
Zooniverse,Victoria+Van+Hyning,female,1,
Zooniverse,Brian+Carstensen,male,1,
None,Bernard+Tyers,male,2,
Open+Knowledge+Ireland,Ingo+Keck,male,1,
Open+Knowledge+Ireland,Salua+Nassabay,unknown,1,
Mozilla+Community+Rajasthan++MCR,Osho+Parth,unknown,1,
Mozilla+Community+Rajasthan++MCR,Osho+Parth+,unknown,1,
Mozilla+Community+Rajasthan++MCR,Ram+Dayal+Ram,male,1,
Mozilla+Community+Rajasthan++MCR,Trishul+Goel,unknown,2,
Mozilla+Community+Rajasthan++MCR,Ram+Dayal+Vaishnav+ramgurumukhi,male,1,
Mozilla+Community+Rajasthan++MCR,jeremy+Taylor,male,1,
Technical+Machine,Kelsey+Breseman,unknown,1,
Developer+Focused,Dron+Rathore,male,1,
xuv,Ishita+Mukherjee,female,1,
xuv,Julien+Deswaef,unknown,1,
Game+Changer+Chicago+Design+Lab+at+The+University+of+Chicago,Peter+McDonald,male,1,
Game+Changer+Chicago+Design+Lab+at+The+University+of+Chicago,Ashlyn+Sparrow,female,1,
Popathon,Gilles+Pradeau,male,1,
Popathon,Philo+van+Kemenade,male,2,
varunkaushik07,Varun+Kaushik,male,2,
Vishwakarma+Institute+of+Information+Technology,Kailas+Patil,male,1,
Mind+Your+Privacy+SL,Aurelie+Pols,female,1,
TheGarden,Hwa+Young+Jung,unknown,1,
TheGarden,Dave+Mee,male,1,
TheGarden,Others+TBC,unknown,1,
ScriptEd,Becca+Novak,female,1,
DrHammersley,John+Hammersley,male,1,
Mozilla,Heather+Leson,female,1,
Mozilla,Soledad+Penades,female,1,
Mozilla,Christie+Koehler+,unknown,1,
Mozilla,Laura+Hilliger,female,4,
Mozilla,Nikhilesh+Vemisetty,male,1,
Mozilla,Ake+Nygren,unknown,1,
Mozilla,Elizabeth+SandsAdams+Mozilla+Privacy+community+leader,female,1,
Mozilla,Manel+Rhaiem,unknown,1,
Mozilla,Oliver+Propst,male,1,
Mozilla,William+Selman,male,1,
Mozilla,Maureen+Hanratty,female,1,
Mozilla,Ali+Spivak,unknown,1,
Mozilla,Jeremie+Patonnier,unknown,1,
Mozilla,Jared+Kerim,male,1,
Mozilla,Anja+Osiander,female,1,
Mozilla,others+tbd,unknown,1,
Mozilla,Lavish+Aggarwal,unknown,1,
Mozilla,Kronda+Adair,unknown,1,
Mozilla,Karen+Rudnitski,female,1,
Mozilla,Jennie+Rose+Halperin,female,3,
Mozilla,Szmozsanszky+Istvan,unknown,1,
Mozilla,Barbara+Hueppe,female,1,
Mozilla,Jochen+Lenz,unknown,1,
Mozilla,Christine+Prefontaine,female,1,
Mozilla,Neal+Bastek,male,1,
Mozilla,Ravi+Kumbhkar,male,1,
Mozilla,John+Karahalis,male,1,
Mozilla,Michelle+Thorne,female,3,
Mozilla,Tim+Riches,male,3,
Mozilla,Hilary+Ho,unknown,1,
Mozilla,Chris+Mills,unknown,1,
Mozilla,Sayak+Sarkar,unknown,1,
Mozilla,Martyn+Eggleton,male,5,
Mozilla,Kevin+Ngo,male,1,
Mozilla,Priyanka+Nag,female,1,
Mozilla,Hallvord+R+M+Steen,unknown,1,
Mozilla,Marcia+Knous,female,1,
Mozilla,Anhad+Jai+Singh,male,1,
Mozilla,Andrew+Sliwinski+,male,1,
Mozilla,Emma+Irwin+Webmaker+Super+Mentor,female,1,
Mozilla,Joana+Breidenbach+betterplace+lab+compiled+the+study,female,1,
Mozilla,Rebecca+Kahn,female,1,
Mozilla,Larissa+Shapiro,female,2,
Mozilla,Matthew+Willse+,male,1,
Mozilla,Lukas+Blakk,male,1,
Mozilla,Mukesh+Thodupunoori,male,1,
Mozilla,Raj+Kumar+Katta,male,1,
Mozilla,Umesh+Agarwal,male,3,
Mozilla,Nikos+Roussos,male,1,
Mozilla,Pankaj+Malhotra,unknown,1,
Mozilla,Scott+Downe,male,1,
Mozilla,Asa+Dotzler,unknown,1,
CREATE+Lab++Carnegie+Mellon+University,Lou+Karas,unknown,1,
CREATE+Lab++Carnegie+Mellon+University,Dror+Yaron,unknown,1,
CREATE+Lab++Carnegie+Mellon+University,Tarabeth+Brumfield,unknown,1,
CREATE+Lab++Carnegie+Mellon+University,Jess+Kaminsky,unknown,1,
BIES+Mozilla+ClubFSA,Hema+Bhanu,female,1,
BIES+Mozilla+ClubFSA,Sandeep+Kapalawai+,unknown,1,
BIES+Mozilla+ClubFSA,Sonu+Sandeep,unknown,1,
BIES+Mozilla+ClubFSA,Bala+Subramaniyan+P,unknown,2,
BIES+Mozilla+ClubFSA,M+Vijay+Kumar,male,1,
SecondMuse,Dragana+Kaurin,unknown,1,
TiddlyWiki,Jeremy+Ruston,male,1,
Mozilla+jordan+community,wissam+al+azam,male,1,
Mozilla+jordan+community,wissam+alazzam,male,1,
Mozilla+jordan+community,Manaf+algharaibeh,unknown,1,
bingorabbit,Ibrahim+Abdel+Fattah,male,1,
Air+Mozilla,Spencer+Hui,unknown,1,
Air+Mozilla,Zandr+Milewski,unknown,1,
Air+Mozilla,Rainer+Civillink,unknown,1,
Air+Mozilla,Richard+Milewski,male,1,
mozillian,Gaurav+Bhardwaj,male,1,
mozillian,Albin+P+Albert,male,11,
Northwestern+University+Knight+Lab,rcgraff,unknown,1,
Northwestern+University+Knight+Lab,Joe+Germuska,unknown,1,
Northwestern+University+Knight+Lab,Alex+Duner,unknown,1,
Northwestern+University+Knight+Lab,Al+Johri,unknown,1,
Northwestern+University+Knight+Lab,Ryan+Graff,unknown,2,
Northwestern+University+Knight+Lab,Dhrumil+Mehta,unknown,1,
Northwestern+University+Knight+Lab,joegermuska,unknown,1,
Northwestern+University+Knight+Lab,knightlab,unknown,3,
Northwestern+University+Knight+Lab,Rich+Gordon,male,2,
Northwestern+University+Knight+Lab,Zach+Wise,male,2,
Northwestern+University+Knight+Lab,Miranda+Mulligan,female,1,
Northwestern+University+Knight+Lab,Mallory+Busch,unknown,1,
Northwestern+University+Knight+Lab,Nicole+Zhu,female,1,
Northwestern+University+Knight+Lab,zlwise,unknown,1,
Northwestern+University+Knight+Lab,Suyeon+Son,unknown,1,
Northwestern+University+Knight+Lab,Matt+Hong,male,1,
Creative+Commons+Nigeria,Ebunoluwa+Farinde,female,1,
Creative+Commons+Nigeria,Kayode+Yussuf,male,2,
The+Open+University,Hannah+Gore,female,1,
The+Open+University,Robert+Farrow,male,1,
The+Open+University,Beck+Pitt,male,1,
Europeana+Creative+Open+Knowledge+FinlandOpenGLAM+Aalto+University,Christina+Holm,female,1,
Europeana+Creative+Open+Knowledge+FinlandOpenGLAM+Aalto+University,Kati+Hyyppa,female,1,
Europeana+Creative+Open+Knowledge+FinlandOpenGLAM+Aalto+University,Sanna+Marttila,female,1,
kurrisudarshan,Sudarshan+Reddy+Kurri,male,2,
PNUP+Firefox+Club,Muhammad+Fachrul+Fachrul,male,1,
FabRiders,Dirk+Slater,male,3,
FabRiders,Gabriela+Rodriguez,female,1,
Mozillla+Reps,Jafar+Muhammed,male,2,
F1000+Research+Ltd,Rebecca+Lawrence,female,1,
F1000+Research+Ltd,Eva+Amsen,female,1,
floppy,James+Smith,male,1,
ossington,ginger+coons,female,2,
BBC,Julia+Watson,female,1,
BBC,David+Ullman,male,1,
BBC,Charlotte+Hoare,female,1,
BBC,Rosie+Campbell,female,1,
BBC,Jon+Howard,male,3,
BBC,Howard+Baker,male,1,
BBC,Jo+Claessens,female,1,
BBC,Karen++Pudner,female,1,
BBC,Martin+Wilson,male,1,
BBC,Alex+Duff,unknown,1,
BBC,Jasmine+Cox,female,1,
CaptainCalliope,Lyre+Calliope,unknown,1,
Trade+School+Norwich,Colin+Hynson,male,1,
TheGrid,Ben+Pirt,male,1,
TheGrid,Forrest+Oliphant,unknown,3,
TheGrid,Henri+Bergius,unknown,1,
TheGrid,Gabriela+Thume,female,1,
TheGrid,Vilson+Vieira,unknown,2,
TheGrid,Kawandeep+Virdee++remote+from+Boston,unknown,1,
OpenTRV,Mark+Hill,male,1,
OpenTRV,Michael+Castle,male,1,
OpenTRV,Damon+HardDavis,male,1,
OpenTRV,Kevin+Munene,male,1,
Mozilla+RomaniaMozilla+Reps,Florin+Bogdan+Strugariu,male,1,
Mozilla+RomaniaMozilla+Reps,Zac+Campbell,male,1,
dreaminvaderzcom,Erik+Nelson,male,1,
httpsmozilliansorgenUSudyvik1001,Shagufta+Methwani,unknown,1,
httpsmozilliansorgenUSudyvik1001,Dyvik+Chenna+Thirunahari,unknown,1,
ashk4n,Ashkan+Soltani,male,1,
Trustribe,Chris+Leckie++Matt+Dennewitz,unknown,1,
Trustribe,Georgia+Bullen,female,1,
Trustribe,Robertas+Visinskis,unknown,1,
Trustribe,Arturas+Malisauskas,unknown,1,
Citizen+Cyberscience+Centre+University+of+Geneva,Alejandro+Dominguez+PyBossa+and+Crowdcrafting,male,1,
Citizen+Cyberscience+Centre+University+of+Geneva,Francois+Grey,male,1,
Citizen+Cyberscience+Centre+University+of+Geneva,David+Aanensen+Epicollect+project+Imperial+College,male,1,
Citizen+Cyberscience+Centre+University+of+Geneva,Nicholas+Johnson+CUSP+and+Public+Lab,male,1,
Citizen+Cyberscience+Centre+University+of+Geneva,Margaret+Gold+EC+Citizen+Cyberlab+Project,female,1,
Citizen+Cyberscience+Centre+University+of+Geneva,Cobi+Smith+UN+Institute+for+Training+and+Research,unknown,1,
Citizen+Cyberscience+Centre+University+of+Geneva,Mohanty+CERN+Webfest+coordinator,unknown,1,
Citizen+Cyberscience+Centre+University+of+Geneva,Brian+Fuchs+EC+Citizen+Cyberlab+Project,male,1,
Citizen+Cyberscience+Centre+University+of+Geneva,Igor+Babuschkin+CERN+summer+student,male,1,
Citizen+Cyberscience+Centre+University+of+Geneva,Muki+Haklay+Extreme+Citizen+Science+Group+UCL,unknown,1,
Citizen+Cyberscience+Centre+University+of+Geneva,Kevin+Dungs+TU+Dortmund+University,male,1,
Citizen+Cyberscience+Centre+University+of+Geneva,Jeffrey+Warren+Public+Lab,male,1,
US+Open+Data+Institute,Casey+Kuhlman,unknown,1,
US+Open+Data+Institute,Like+Minded+Folks+Please+Get+In+Touch,male,1,
US+Open+Data+Institute,Max+Ogden,male,1,
US+Open+Data+Institute,Bruno+Vieira,male,1,
GustavoArmagno,Gustavo+Armagno,male,1,
Eyebeam,Erica+Kermani,female,1,
Eyebeam,na,unknown,1,
Mozillian+India,Sukanta+Pal,unknown,1,
University+of+Toronto++Hive+Toronto,Karen+Smith,female,2,
University+of+Toronto++Hive+Toronto,Ali+Al+Dallal,unknown,1,
fordsafwan,Safwan+Rahman,male,1,
CauseHub,Jamie+Davies,unknown,1,
CauseHub,Jerome+Toole,male,1,
CauseHub,Sanjay+Poyzer,male,1,
University+of+Dundee,Nick+Taylor,male,1,
TechGirls,Kim+Wilkens,unknown,2,
University+of+Roehampton,Doug+Belshaw+,male,1,
University+of+Roehampton,Miles+Berry,male,1,
University+of+Roehampton,Code+Club++tbc,unknown,1,
Statistics+Without+Borders,Tim+McNamara,male,1,
Statistics+Without+Borders,Joseph+Pollack,male,1,
UCL,Steve+Rowett,male,2,
UCL,Sam+Ahern,unknown,2,
UCL,Moira+Wright,female,2,
UCL,Alex+Hanrahan,unknown,2,
UCL,Janina+Dewitz,female,2,
Edukinect,RaghuRam+k,unknown,1,
Edukinect,Sai+Kiran+Alagundula,unknown,1,
Edukinect,Srikar+Ananthula,male,3,
fossyatra,GT+RAO,unknown,2,
Mozillla,Anush+A,male,2,
UpStage+Etheatre,Christina+Papagiannouli,female,1,
National+University+of+Singapore,Adwait+Sharma,unknown,1,
Cape+Peninsula+University+of+Technology,Thomas+Salmon,male,1,
ITM+UNIVERSITYGWALIORMP,GAUTAM+SHARMA,male,1,
harshachinku,Harsha,unknown,1,
Digitterraorg,Dele+Atanda,unknown,1,
Digitterraorg,Simon+Robinson,male,1,
Digitterraorg,Matt+Gierhart,male,1,
velti+inspiring+sciense+project,Theodoros+Michalareas,male,1,
SwartzCr,Noah+Swartz,male,1,
The+Restart+Project,Ugo+Vallauri,male,1,
The+Restart+Project,Janet+Gunter,female,1,
The+Genome+Analysis+Centre,Rubina+Kalra,female,1,
The+Genome+Analysis+Centre,Paul+Galley,male,1,
The+Genome+Analysis+Centre,Matt+Drew,male,1,
The+Genome+Analysis+Centre,Vicky+Schneider,female,1,
sezzyann,Sarah+Zaman,female,1,
Resinio,Alexandros+Marinos,male,1,
Resinio,Shaun+Mulligan,unknown,1,
The+Berkman+Center+for+Internet+and+Society+MITs+Center+for+Civic+Media,Dalia+Othman,female,1,
The+Berkman+Center+for+Internet+and+Society+MITs+Center+for+Civic+Media,Adrienne+Debigare++MITs+Center+for+Civic+Media+The+Boston+Globe,female,1,
The+Berkman+Center+for+Internet+and+Society+MITs+Center+for+Civic+Media,Heather+Craig++MITs+Center+for+Civic+Media+Comparative+Media+Studies,female,1,
jayamukhi+college,mahboob+ur+rahman+mohammed,unknown,1,
p5js,Jason+Sigal,male,1,
p5js,Aniruddha+Adhikary,male,1,
franciov,Francesco+Iovine,male,1,
dun3buggi3,Shreyas+Kutty,male,1,
Quantum+Electronics+Lab,Hernan+Grecco,male,1,
The+GigLab+at+the+Chattanooga+Public+Library,Andrew+Rodgers,male,1,
The+GigLab+at+the+Chattanooga+Public+Library,Jake+Brown,male,1,
The+GigLab+at+the+Chattanooga+Public+Library,James+McNutt,male,1,
Mozilla+Reps,Rashid+Khan,male,1,
Mozilla+Reps,Dian+Ina+Mahendra,unknown,1,
Mozilla+Reps,Ryan+Ermita,unknown,1,
Mozilla+Reps,Kaustav+Das+Modak,male,1,
Mozilla+Reps,Naresh+Kumar,male,1,
Mozilla+Reps,Vineel+Pindi,male,1,
Mozilla+Reps,Ankit+Gadgil,male,1,
Mozilla+Reps,Andre+Garzia,unknown,1,
Mozilla+Reps,Faye+Tandog,female,1,
Mozilla+Reps,Sreemegha+Guha,unknown,1,
Mozilla+Reps,Isha+Hening,female,1,
Mozilla+Reps,Kemuel+Domanog,male,1,
Mozilla+Reps,Galaxy+Kadiyala,female,1,
Mozilla+Reps,Sudheesh+Singanamalla,unknown,1,
Mozilla+Reps,Soumya+Deb,female,1,
Mozilla+Reps,Tina+Verbo,female,1,
Mozilla+Reps,Eduardo+Urcullu+Madrid,male,1,
addynb,Addy+Nunez+Beltre,unknown,1,
wetlandio,wetlnd,unknown,1,
wetlandio,Nels+Nelson,male,1,
wetlandio,sndbx,unknown,1,
kamilogorek,Kamil+Ogorek,unknown,1,
The+New+Yorker,Hezron+Obuchele,male,1,
The+New+Yorker,TBD+if+one+more,unknown,1,
The+New+Yorker,Trei+Brundrett,male,2,
The+New+Yorker,Michael+Donohoe,male,1,
Aroga+Yoga,Kayla+Kurin,female,1,
Guardian+News+and+Media,Will+Franklin,unknown,1,
Guardian+News+and+Media,Jenny+Sivapalan,female,1,
Guardian+News+and+Media,Penny+Allen,female,1,
Guardian+News+and+Media,Sally+Goble,female,1,
Vancouver+Hive+Learning+Community+Mozilla+Reps,Dethe+Elza,unknown,5,
Vancouver+Hive+Learning+Community+Mozilla+Reps,Kat+Braybrooke,female,1,
OpenCorporates,Peter+Inglesby,male,1,
OpenCorporates,Chris+Taggart,unknown,1,
OpenCorporates,Hera+Hussain,female,2,
wapisasa+CIC,Andrew+Peachey,male,1,
wapisasa+CIC,Rob+Biddulph,male,1,
wapisasa+CIC,Joss+Dakin,unknown,1,
wapisasa+CIC,Robin+Dewar,unknown,1,
wapisasa+CIC,Bryan+Mathers,male,1,
wapisasa+CIC,James+Haley,male,1,
The+Times+and+Sunday+Times,ndrew+Rininsland,male,2,
CyberDuck,Andrew+Pairman,male,1,
CyberDuck,Benjamin+Maugain,male,1,
CyberDuck,Danny+Bluestone,male,2,
Enclave+Games,Andrzej+Mazur,male,2,
Firefox+ClubMoi+University,Emmanuel+Odenyire,male,1,
mishymishyme,Michelle+Gay,female,4,
m4hi2,Mahir+Labib+Chowdhury,male,1,
Portland+Art+Museum,Kristin+Bayans,female,1,
wwwmakerkidsca,Andy+Forest,unknown,1,
wwwmakerkidsca,Marianne+Mader,female,1,
Ravensbourne,Ravensbourne+Level+3+Web+Media+Students,unknown,1,
Ravensbourne,James+Morris,male,1,
Mobile+Collective,Margaret+Gold,female,1,
Mobile+Collective,Diana+Mastracci,female,1,
Mobile+Collective,Brian+Fuchs,male,1,
UC+Berkeley,Rodrigo+Ochigame,male,1,
UC+Berkeley,Mitar+Milutinovic,unknown,1,
UC+Berkeley,Xuan+An+Ho,unknown,1,
Digital+Dan+the+Drawing+Man,Brock+Hardnett,male,1,
Quicksand++UnBox++BLOT,Arjun+Kumar,male,1,
Quicksand++UnBox++BLOT,Avinash+Kumar,male,1,
luisfbrandao,Luis+Brandao,male,1,
diwanship,Diwanshi+Pandey,unknown,1,
MinnPost,Alan+Palazzolo,male,1,
douglaseru,Douglas+Ssebaggala,male,1,
Copenhagen+Institute+of+Interaction+Design,Akarsh+Sanghi,male,2,
Copenhagen+Institute+of+Interaction+Design,dattasaurabh82,unknown,1,
Copenhagen+Institute+of+Interaction+Design,Saurabh+Datta,male,1,
Samatha+Yoga,Sherri+Koehler,female,1,
Samatha+Yoga,No+additional+facilitators,unknown,1,
MAKE+Magazine,Alasdair+Allan,male,1,
Pervasive+Media+Studio,Peter+Bennett,male,1,
Pervasive+Media+Studio,Stuart+Nolan,male,1,
Snowsfields+Primary+School,Matthew+Rogers,male,1,
Royal+Roads+University,Helen+Lee,female,2,
Mozilla+Uruguay,Santiago+Ferreira,male,1,
mechoduriley,Moses+Echodu,male,1,
FreeFormers,Lewie+Allen,male,1,
FreeFormers,Kai+Barnes,unknown,1,
FreeFormers,Elliott+Darymple,unknown,1,
imvikash,Vikash+Agrawal,male,1,
NYPL+Labs++The+New+York+Public+Library,David+Riordan,male,1,
NYPL+Labs++The+New+York+Public+Library,Aure+Moser++,unknown,1,
NYPL+Labs++The+New+York+Public+Library,Ashley+Williams++,unknown,1,
University+of+Melbourne,Fiona+Tweedie,female,1,
The+Hacktory,Georgia+Guthrie,female,1,
DB+Xento+System+Pvt+Ltd,Sara+Khan,female,1,
DB+Xento+System+Pvt+Ltd,Faisal+Aziz,male,2,
Center+for+Democracy++Technology,Justin+Brookman,male,1,
Center+for+Democracy++Technology,Alex+Fowler+Mozilla,unknown,1,
hapztron,Hassadee+Pimsuwan,unknown,1,
Zoological+Society+of+London,Alasdair+Davies,male,1,
loganrosen,Logan+Rosen,unknown,1,
asheeshlaroia,Asheesh+Laroia,unknown,1,
Yopdesign,Yofie+Setiawan,unknown,1,
Fundación+Directorio+Legislativo,Agustina+De+Luca,female,2,
ProjectVRM+Berkman+Center+Harvard+University,Ethan+Zuckerman+of+MIT,male,1,
ProjectVRM+Berkman+Center+Harvard+University,Doc+Searls,male,1,
ProjectVRM+Berkman+Center+Harvard+University,Sir+Nigel+Shadbolt+AI+professor+U+of+Southampton,male,1,
ProjectVRM+Berkman+Center+Harvard+University,Mark+Lizar+OpenNotice+UK+based,male,1,
ProjectVRM+Berkman+Center+Harvard+University,Alan+Mitchell+Partner+CtrlShift+UK+based,male,1,
ProjectVRM+Berkman+Center+Harvard+University,Liam+Maxwell+CTO+of+the+UK,male,1,
WWF+International,Johannah+Sargent,female,1,
WWF+International,Heather+Sohl,female,1,
WWF+International,Adrian+Cockle,unknown,1,
The+Guardian,Max+Harlow,male,1,
The+Guardian,None+specifically+in+mind+but+would+be+more+than+happy+to+see+other+attendees+with+experience+in+the+end+contribute+whether+formally+or+informally,unknown,1,
The+Guardian,James+Ball,male,1,
ELTE+university+Budapest+Hungary,kumaresan+cs+,unknown,1,
ELTE+university+Budapest+Hungary,Balazs+Koren,unknown,1,
GitHub,Andrew+Nesbit,male,1,
Mozilla+Rep,Ajay+Kumar,male,2,
Mozilla+Rep,Ankit+Mishra,male,2,
Mozilla+Rep,Bhuvnesh+Dogra,unknown,1,
Mozilla+Rep,Christos+Bacharakis,male,1,
Mozilla+Rep,Anup+Kumar+Mishra,male,2,
Mozilla+Rep,Flore+Allemandou,female,2,
Mozilla+Rep,Abid+Aboobaker,male,2,
andiargast,Andi+Argast,unknown,4,
EduMake,Dethes+son+likely+but+dependant+on+travel+and+accommodation+arrangements,unknown,2,
EduMake,John+Moseley,male,3,
EduMake,Hannah+Moseley+Johns+teenaged+daughter+who+inspired+the+BIG+RED+Button,female,1,
EduMake,Hannah+Moseley+Johns+teenaged+daughter,female,2,
GoThinkBig,Fiona+Ellison,female,1,
Mozilla+Botswana,Mompati+Dikunwane,unknown,1,
Cybersociety+Observatory,MaJose+Soler,unknown,1,
Cybersociety+Observatory,Elisabet+Rosello,female,1,
Cybersociety+Observatory,Daniel+Dominguez,male,1,
Cybersociety+Observatory,Claudia+Gordo+Garcia,female,1,
markshillitoe,Mark+Shillitoe,male,1,
experimentcom,Cindy+Wu,female,1,
shahidieee,Shahid+KHAN,male,1,
shahidieee,Berkley+Murphy,unknown,1,
Electronic+Frontier+Foundation,Harry+Halpin,male,1,
Electronic+Frontier+Foundation,April+Glaser,female,3,
Electronic+Frontier+Foundation,Ramzi+Jaber,male,1,
Electronic+Frontier+Foundation,Jillian+York,female,1,
Electronic+Frontier+Foundation,Liz+Henry,female,1,
Electronic+Frontier+Foundation,Eva+Galperin,female,1,
Electronic+Frontier+Foundation,Cory+Doctorow,unknown,1,
Electronic+Frontier+Foundation,Danny+OBrien,male,2,
Electronic+Frontier+Foundation,Potentially+Henri+Sivonen,unknown,1,
Electronic+Frontier+Foundation,Jillian+York+++maybe,female,1,
Museum+für+Naturkunde+Berlin,Daniel+Mietchen,male,2,
lagaia,Gaia+Marcus,female,1,
FSFE++ToSDR,Hugo+Roy,male,2,
FSFE++ToSDR,or+Frank+Karlitschek,male,1,
FSFE++ToSDR,Jan+Christoph+Borchardt,unknown,1,
jden,Jason+Denizac,male,1,
Mentor+Mozilla+community+Indore,Mrinal+Jain,unknown,1,
Mentor+Mozilla+community+Indore,Deep+Raj,male,1,
Mentor+Mozilla+community+Indore,Shafique+Patni,unknown,1,
inspiring+Digital+Enterprise+Award+iDEA,Elizabeth+Rabone,female,1,
inspiring+Digital+Enterprise+Award+iDEA,Leila+Walker,female,1,
inspiring+Digital+Enterprise+Award+iDEA,Elena+Corchero,female,1,
University+of+York++The+National+Archives,Jo+Pugh,female,1,
University+of+York++The+National+Archives,Other+members+of+my+team+may+be+available+August+is+a+difficult+time+to+check,male,1,
Mozilla+Club+Hyderabad,Deepak+Upendra,male,1,
joasqueeniebee,Ben+Scott,male,2,
joasqueeniebee,Joelle+Fleurantin,unknown,1,
mozjan,Jan+Bambach,unknown,1,
The+Guardian+Project,Harlo+Holmes,unknown,1,
Mozilla+Ivory+Coast,Tano+Kan++Man+Hui+Chris+Brian,male,1,
Mozilla+Ivory+Coast,Loue+Armel+Thibaut,unknown,1,
Mozilla+Ivory+Coast,Kouame+Ange+Manuella,unknown,1,
Makeshift,Stef+Lewandowski,unknown,1,
vi5halc,Vishal+Chavan,male,1,
The+Sprout+Fund,Matt+Hannigan+The+Sprout+Fund,male,1,
The+Sprout+Fund,Dustin+Stiver,male,1,
Open+Rights+Group,Richard+King,male,1,
Authorea,Matthew+Cockerill,male,1,
Authorea,Nathan+Jenkins,male,3,
Authorea,Alberto+Pepe,male,3,
stevebunce,Steve+Bunce,male,1,
Burvall+Industries+LLC+and+Le+Jardin+Academy,Amy+Burvall,female,3,
Snapp,Gabriel+Gurovich,unknown,1,
Snapp,Vito+Margiotta,male,1,
Snapp,Asaf+Kindler,male,1,
Viditor,Andrew+McPherson,male,1,
Met+Office,Rachel+Prudden,female,1,
Met+Office,Michael+Wood,male,1,
Met+Office,Peter+Chase,male,1,
Met+Office,Andrew+Poyntz,male,2,
Met+Office,Michael+Saunby,male,1,
Met+Office,Jacob+Tomlinson,male,1,
Met+Office,Ian+Gentry,male,1,
MCQN+Ltd,Adrian+McEwen,unknown,1,
Iridescent,Julia+Vallera,female,1,
Iridescent,Kevin+Miklasz,male,1,
IndieWwb,the+indiewebcamp+IRC+channel+will+help+facilitate+httpindiewebcampcomIRC,male,1,
IndieWwb,Kevin+Marks,male,1,
VA,Irini+Papadimitriou,female,1,
VA,Patrick+StevensonKeating,male,1,
VA,Heidi+Hinder,female,1,
VA,Laura+Kriefman,female,1,
Fakebit+Polytechnic,Dave+Green,male,1,
Fakebit+Polytechnic,Dave+Pape,male,1,
The+CORE+Group,Babak+Javadi,male,2,
Free+Press,Clarissa+Ramon+from+Public+Knowledge,female,1,
Free+Press,Lauren+Wilson,unknown,1,
Free+Press,Im+currently+touching+base+with+folks+at+Black+Girls+Code+and+Free+Software+Foundation+to+see+if+theyd+be+interested,unknown,1,
Infogram,Mikko+Jarvenpaa,unknown,1,
Mozilla+Hispano,Alvar+Maciel,male,4,
Mozilla+Hispano,Guillermo+Movia,male,2,
Privacy+International,Mustafa+AlBassam,male,1,
Privacy+International,Mike+Rispoli,male,2,
Privacy+International,Richard+Tynan,male,1,
The+New+York+Times,Jacob+Harris,male,1,
The+New+York+Times,Chris+Keller,unknown,1,
The+New+York+Times,and+Im+with+the+RD+labs,unknown,1,
The+New+York+Times,Jane+Friedhoff+++RD+NYT,female,1,
The+New+York+Times,Eric+Buth+++Interactive+News+NYT,male,1,
The+New+York+Times,Nikolas+Iubel,male,1,
Director+Digital+Drama,Kate+Valentine,female,1,
KnightMozilla+Open+News,Julian+Burgess,unknown,1,
KnightMozilla+Open+News,Aurelia+Moser,female,3,
Makewaves,Omid+Mufeed,male,1,
Makewaves,Adrian+Scully,unknown,1,
Makewaves,Matt+Rogers,male,2,
Makewaves,Jonathan+Leahy,male,1,
Makewaves,Sharon+Middleton,female,1,
Makewaves,Stephen+Creek,male,1,
Makewaves,John+Power,male,1,
Makewaves,Wendy+Nicholson,female,1,
Makewaves,Louise+Fowler,female,1,
Makewaves,Nagina+Javaid,unknown,1,
Unlimited+TheatreUnlimited+Space+Agency,Jon+Spooner,male,1,
ThoughtSTEM+LLC,Sarah+Esper,female,2,
JSK+Stanford+Fellow+2014,Micha+Dziewonski,unknown,1,
JSK+Stanford+Fellow+2014,Shazna+Nessa,unknown,1,
JSK+Stanford+Fellow+2014,TBD+and+aim+for+a+multidisciplinary+and+diverse+team,unknown,1,
Restless+Development,Tim+Davies,male,1,
Restless+Development,Fiammetta+Wegner,unknown,1,
Access,Joe+McNamee,unknown,1,
Access,Rainey+Reitman,unknown,1,
Access,Eric+King,male,1,
Access,Francisco+Vera+Hott,male,1,
Access,Grace+Githaiga,female,1,
Access,Raegan+MacDonald,female,2,
Access,Josh+Tabish,male,1,
somewhereto,Tavi+Hirst+,unknown,1,
somewhereto,Jason+Page,male,1,
somewhereto,Jonathan+Richards,male,1,
somewhereto,Caroline+Osobowale,female,1,
somewhereto,Victoria+Ijeh,female,1,
somewhereto,Piarve+Wetsi,unknown,1,
TeacherGaming+LLC,Santeri+Koivisto,unknown,1,
TeacherGaming+LLC,Chris+Ritzo,unknown,2,
TeacherGaming+LLC,Mikael+UusiMakela,unknown,1,
Digital+Catapult,Rachel+Jones,female,1,
Digital+Catapult,Mark+Hewis,male,1,
Digital+Catapult,Fran+Bennett,unknown,1,
Crowdcraftingorg,Marvin+Reimer,male,2,
Crowdcraftingorg,Alejandro+Dominguez,male,2,
Crowdcraftingorg,James+Doherty,male,2,
Crowdcraftingorg,Daniel+Lombrana,male,1,
Mozilla+Developers,Soumya+Kanti+Chakraborty,female,2,
University+of+Michigan,Stephen+Buckley,male,1,
University+of+Michigan,Jade+Forester,unknown,1,
University+of+Michigan,Steven+Lonn,male,1,
The+Open+Rights+Group,Elizabeth+Knight,female,1,
mikesofaer,Possibly+Mike+Sofaer,unknown,1,
HacksHackers+London,Eliot+Higgins+aka+Brown+Moses,unknown,1,
HacksHackers+London,Cassie+Werber,female,3,
HacksHackers+London,Elliot+Bentley,unknown,1,
HacksHackers+London,Paul+Radu,male,1,
HacksHackers+London,Tushar+Arora,male,1,
HacksHackers+London,Benji+Lanyado,unknown,1,
HacksHackers+London,Sarah+Marshall,female,3,
BBC+News+Labs,Basile+Simon,male,1,
BBC+News+Labs,Iain+Collins,male,1,
BBC+News+Labs,Jeremy+Tarling,male,1,
Wasanii+MtaaniArtists+in+the+Hood,Swift+Graffiti,male,1,
Wasanii+MtaaniArtists+in+the+Hood,Uhuru+Brown,unknown,1,
Wasanii+MtaaniArtists+in+the+Hood,Kevin+Ovita+Teddy,male,1,
Wasanii+MtaaniArtists+in+the+Hood,Bankslave,unknown,1,
Wasanii+MtaaniArtists+in+the+Hood,The+Spray+Uzi+Team,male,1,
SOFTowaha,Syed+Omar+Faruk+Towaha,male,1,
quadrophobiac,Stephen+Fortune,male,3,
iHub,Angela+Okune,female,1,
iHub,Leslie+Chan,unknown,1,
iHub,Nanjira+Sambuli,unknown,1,
The+Chronicle+of+Higher+EducationThe+Chronicle+of+Philanthropy,Justin+Myers,male,1,
Al+Jazeera+America,Joanna+Kao,female,1,
mySociety,Tom+Steinberg,male,1,
mySociety,Dave+Whiteland,male,1,
mySociety,Not+Yet+Known+but+hopefully+people+from+Ushahidi+Open+Knowledge+Open+Australia++elsewhere,male,1,
CREATE+Lab+Carnegie+Mellon+University,Jessica+Pachuta,female,1,
CREATE+Lab+Carnegie+Mellon+University,Ryan+Hoffman,unknown,1,
CREATE+Lab+Carnegie+Mellon+University,Jessica+Kaminsky,female,1,
MIT+Media+Lab,nikhil+rumandla,male,1,
MIT+Media+Lab,Ariam+Mogos++GMin+Sierra+Leone+Kenya+South+Africa,unknown,1,
MIT+Media+Lab,Jeff+Warren++no+personal+acct,male,1,
MIT+Media+Lab,Janet+Gunter++,female,1,
MIT+Media+Lab,Vanessa+Gennarelli+Peer+to+Peer+Uniersity+,female,1,
MIT+Media+Lab,J+Nathan+Matias,male,1,
MIT+Media+Lab,Linda+Sandvik+,female,1,
MIT+Media+Lab,Erhardt+Graeff+MIT+Center+for+Civic+Media+,male,1,
MIT+Media+Lab,Gabriela+Rodriguez+Data+Uraguay+,female,1,
jdleesmiller,John+LeesMiller,male,1,
Firefox+Club+NITT,Ashutosh+Agarwal,male,1,
Chattanooga+Public+Library,Jason+Denizac++httpjdenus++Code+for+America+Fellow,male,1,
Chattanooga+Public+Library,Sean+Brewer,male,1,
Bay+Area+Video+Coalition++HIVE+Bay+Area,Ingrid+Dahl,female,1,
Bay+Area+Video+Coalition++HIVE+Bay+Area,Matt+Williams,male,1,
Corso+Studio+Arts,Cristy+Corso+Ms,female,1,
ADPIOS++Europortfolio,Eric+Rousselle,male,3,
ADPIOS++Europortfolio,Serge+Ravet,male,3,
ADPIOS++Europortfolio,Ildiko+Mazar,female,1,
ADPIOS++Europortfolio,Ilona+Buchem,female,3,
Creative+Commons,M+Fabiana+Kubke,female,1,
Creative+Commons,Eleanna+Breza+TBD,female,1,
Creative+Commons,Billy+Meinke,unknown,1,
Open+Knowledge,Michelle+Brook++++TBC,female,1,
Open+Knowledge,Mor+Rubinstein,unknown,1,
Open+Knowledge,Katelyn+Rogers,female,1,
Open+Knowledge,Beatrice+Martini,female,1,
Open+Knowledge,Emma+Beer,female,1,
Rasel+Khan,Mohammad+Rasel+Khan,male,1,
nidhiaminha,nidhi+aminah,female,2,
nidhiaminha,nidhi+aminha,female,1,
IamVP7,Viswaprasath+KS,unknown,1,
Mozilla+Bangladesh,Maliha+Momtaz+Islam,female,2,
Mozilla+Bangladesh,Ashickur+Rahman,unknown,2,
Mozilla+Bangladesh,Belayet+Hossain,unknown,1,
Mozilla+Bangladesh,Mahay+Alam+Khan,unknown,2,
Conde+Nast,Laura+Cochran,female,1,
DuoDisco,Klasien+Van+de+Zandschulp,unknown,2,
DuoDisco,James+Bryan+Graves,male,2,
DuoDisco,Mark+Meeuwenoord,male,1,
DuoDisco,Arjan+Scherpenisse,male,1,
Open+Coalition,Beatrice+Martini+Open+Knowledge+Foundation,female,1,
Open+Coalition,Bekka+Kahn,female,1,
Open+Coalition,Katelyn+Rogers+Open+Knowledge+Foundation+,female,1,
Open+Coalition,Haroldas+Targonskas,unknown,1,
Mapzen,Peter+Richardson,male,1,
Internet+Keep+Safe+Coaltion,Nancy+Gifford+,female,1,
Internet+Keep+Safe+Coaltion,Marsali+Hancock,unknown,1,
Guardian+News++Media,Wendy+Orr,female,2,
Guardian+News++Media,Laura+Oliver,female,1,
Guardian+News++Media,James+Gorrie,male,1,
Guardian+News++Media,Matt+Andrews,male,1,
Mozilla+Uganda+Community,Brian+Ssekalegga,male,1,
Mozilla+Uganda+Community,J+B+Ochieng,unknown,1,
Telenor+Digital,Jan+Jongboom,unknown,1,
alvarodotcc,Alvaro+Caballero,male,1,
gorhgorh,Jerome+Loi,male,1,
SumanthDamarla,Sumanth+Damarla,male,2,
yoBox+London,Ang+Li,male,1,
yoBox+London,Ji+Hu,unknown,1,
yoBox+London,Julian+Garcia,unknown,1,
Mace+kothamangalam,ELDHOSE+K+SHIBU,unknown,1,
dendari,Brendan+Murphy,male,1,
3ar7hkung,Jakkarin+Limwongyut,unknown,1,
webmaker+mentor,Sameera+Mirza,female,1,
webmaker+mentor,Vijay+Kumar+Martha,male,1,
Skillab,Eleanor+McHugh,female,1,
Skillab,Marko+Samuli+Kirves,male,1,
Skillab,Octavia+Hirst,female,1,
Skillab,Benjamin+Greenaway,male,1,
Skillab,Daniel+Bhugon,male,1,
Crenellated+Arts,Alison+McCandlish,female,1,
yomanpatil,Kat++Luca+TATE+collab,female,1,
yomanpatil,Mayur+patil,male,1,
yomanpatil,Mayur+Patil,male,1,
Kingston+University,Evan+Raskob,unknown,1,
Kingston+University,Fleeta+Chew+Siegel,female,1,
ManafG,manaf+gharybeh,unknown,1,
ManafG,Talha+Anwar,male,1,
ManafG,John+Amba,male,1,
shadstraker,Shad+Straker,male,1,
Shadowcat+Systems+LTD,Aki+Rose+Braun,unknown,1,
Shadowcat+Systems+LTD,Errietta+Kostala,unknown,1,
Cri+paris,Alexandre+Vaugoux,unknown,1,
Investec+Asset+Management,Jamie+Tolentino,unknown,1,
Mozilla+Rep+httpsrepsmozillaorgupatrox,NA,unknown,1,
Mozilla+Rep+httpsrepsmozillaorgupatrox,Gaurab+Patra,unknown,1,
Auroras+Teachnological+and+Research+Institute,Sai+Charan+Reddy+Pedy+Reddy,unknown,1,
New+York+Public+Radio,Noah+Veltman,male,2,
Makhub+Software+Ltd,Kevin+Osano,male,1,
Mozilla+Factory++Open+Hardware+Project,Izuru+Nogaito,unknown,1,
Mozilla+Factory++Open+Hardware+Project,Satoru+Takagi,male,1,
Mozilla+Factory++Open+Hardware+Project,Yasuaki+Kakehi,unknown,1,
Mozilla+Factory++Open+Hardware+Project,Koichi+Takagi,male,1,
Mozilla+Factory++Open+Hardware+Project,Satoshi+Komorita,male,1,
Mozilla+Factory++Open+Hardware+Project,Satoko+Takita+Yamaguchi,female,1,
Mozilla+Botswana+Community,Olebile+Ditshweu,unknown,1,
Mozilla+Botswana+Community,Kedirile+Alex+Moleleke,unknown,1,
Mozilla+Botswana+Community,Segolo+Machai,unknown,1,
Mozilla+Botswana+Community,Michelle+Thorn,female,1,
Mozilla+Botswana+Community,Kealeboga+Malejane,unknown,1,
Mozilla+Botswana+Community,Oarabile+Mudongo,unknown,2,
carlosmigueld,Carlos+Dennis,male,1,
neenanjones,Ian+Murphy,male,1,
Creative+Commons+School+of+Open,Paul+Kihwelo,male,1,
PLOS+Labs,Kathleen+Luschek,female,2,
PLOS+Labs,Thomas+Crouzier,male,2,
Hyperaudio+Inc,Justin+Hoenke,male,1,
Hyperaudio+Inc,Nate+Hill,unknown,1,
Hyperaudio+Inc,Mark+Boas,male,2,
Viral+Academy,David+Bovill,male,1,
Viral+Academy,Lauren+Lapidge,unknown,1,
Viral+Academy,Ksenia+Serova,female,1,
Studio+Indefinit,Gabe+Liberti,male,1,
Studio+Indefinit,Dave+Rife,male,1,
Studio+Indefinit,Kevin+Siwoff,male,1,
Twitter,Joanna+Geary,female,5,
The+Alternative+Startup+Experiment,Ester+Moraleda++Marlena+Rozenberg++Laura+Santos,unknown,1,
The+Alternative+Startup+Experiment,Sandra+Gonzalez,female,1,
The+OpenGov+Foundation,Seamus+Kraft,male,1,
The+OpenGov+Foundation,Gregory+Ferenstein,male,1,
Mozilla+Community+Rajasthan,Osho+parth,unknown,2,
Mozilla+Community+Rajasthan,Trishul+Goel+,unknown,1,
Mozilla+Community+Rajasthan,Meghraj+Suthar+,unknown,1,
Mozilla+Community+Rajasthan,Ram+Dayal+Vaishnav+,male,1,
Mozilla+Community+Rajasthan,Ram+Dayal+Vaishnav,male,1,
Wevolver,Bram+Geenen,male,1,
Think+Big,One+Think+Big+staff+member,unknown,1,
Think+Big,One+Think+Big+volunteer,unknown,1,
Think+Big,Kate+Lyons+,female,1,
Think+Big,Kurt+Lee,male,1,
New+York+Times,Alastair+Coote,male,1,
Moz+Rep,kelvin+Murerwa,male,1,
MUUT,Beatrice+Lajous,female,1,
MUUT,John+Bevan,male,1,
Public+Lab,Jeffrey+Warren,male,2,
Public+Lab,Don+Blair,male,1,
Public+Lab,Catherine+DIgnazio,female,1,
Public+Lab,Don+Blair+,male,1,
BioMed+Central,Amye+Kenall,female,2,
BioMed+Central,Radhika+Bhardwaj,female,1,
BioMed+Central,Scott+Edmunds,male,2,
BioMed+Central,Patrick+Polischuk,male,1,
CASH+Music,Chris+Leckie++Jesse+von+Doom,unknown,1,
CASH+Music,Maggie+Vail,female,5,
CASH+Music,Matt+LeMay,male,1,
CASH+Music,Jesse+Von+Doom,unknown,1,
tpiros,Tamas+Piros,male,1,
na,Metod+Blejec,unknown,2,
na,Matteo+Menapace,male,3,
BBC+IRFS,Dan+Nuttall,male,1,
devLearn,Tim+Coy,male,1,
devLearn,Jonathan+Williams,male,1,
WANdiscoHoodie,Lewis+Cowper,male,1,
Peer+2+Peer+University,Vanessa+Gennarelli,female,1,
Peer+2+Peer+University,Erika+Pogorelc,female,1,
Peer+2+Peer+University,Dirk+Uys,male,1,
Mozilla+Factory,Daisuke+Akatsuka,male,4,
Mozilla+Factory,Kenya+Niino,unknown,1,
Mozilla+Factory,Noriatsu+Kudo,unknown,2,
AppShed,Genevieve+SmithNunes,female,2,
AppShed,Torsten+Stauch,male,1,
AppShed,Fred+Cox,male,1,
Internet+Archive,Tracey+Jaquith,unknown,1,
Internet+Archive,Kristen+Schlott,female,1,
wwwallisonhausercom,Allison+Hauser,unknown,1,
wwwallisonhausercom,If+there+is+anyone+interested+and+qualified+to+teach+alongside+of+me+I+am+open+to+partnering,unknown,1,
Center+for+Investigative+Reporting,yes++to+be+named,unknown,1,
Center+for+Investigative+Reporting,yes++to+be+named+later,unknown,1,
Center+for+Investigative+Reporting,Jennifer+LaFleur,female,2,
MOZILLA,ALAN+KLIGMAN,male,1,
MOZILLA,Dave+Humphrey,male,1,
LA+NACION,Ricardo+Brom,male,1,
Civic+Innovation+Fellow+New+America+Foundation,Laurenellen+McCann,unknown,1,
Vox+Media,Constance+Watkins,female,1,
Hive+Labs,Jess+Klein,unknown,1,
Hive+Labs,Kat+B,female,1,
Racialiciouscom,None+yet+but+I+am+open+to+others+joining,unknown,1,
Racialiciouscom,Latoya+Peterson,female,1,
